[
    {
        "id": 40,
        "title": "Indulgence unreserved is the alteration...",
        "img": "blog-7.webp",
        "category": "photo",
        "author": "Alexis D."
    },
    {
        "id": 41,
        "title": "Transparency is part of the fabric...",
        "img": "blog-8.webp",
        "category": "photo",
        "author": "Alexis D."
    },
    {
        "id": 42,
        "title": "It used to be the norm that businesses...",
        "img": "blog-9.webp",
        "category": "photo",
        "author": "Alexis D."
    },
    {
        "id": 43,
        "title": "Companies can be transparent with...",
        "img": "blog-10.webp",
        "category": "photo",
        "author": "Alexis D."
    },
    {
        "id": 44,
        "title": "I will share some tactics for improving...",
        "img": "blog-11.webp",
        "category": "photo",
        "author": "Alexis D."
    },
    {
        "id": 45,
        "title": "I will share some tactics for improving...",
        "img": "blog-12.webp",
        "category": "photo",
        "author": "Alexis D."
    }
]