[
    
    {
        "id": 53,
        "title": "Indulgence unreserved is the alteration...",
        "img": "Garms",
        "category": "photo",
        "author": "Alexis D."
    },
    {
        "id": 54,
        "title": "Under the cloudy shades of perfection...",
        "img": "Konert",
        "category": "photo",
        "author": "Alexis D."
    },
    {
        "id": 55,
        "title": "Hustling to Mount Blanc’s peak...",
        "img": "Baldam",
        "category": "photo",
        "author": "Alexis D."
    },
    {
        "id": 56,
        "title": "Cornwall, devon & dancing...",
        "img": "Weben",
        "category": "photo",
        "author": "Alexis D."
    },
    {
        "id": 57,
        "title": "Indulgence unreserved is the alteration...",
        "img": "Fulker",
        "category": "photo",
        "author": "Alexis D."
    }
]