[
    {
        "id": 13,
        "title": "Own handsome delicate its",
        "img": "blog-6-1.webp",
        "category": "photo",
        "author": "Alexis D."
    },
    {
        "id": 14,
        "title": "How To Prioritize User Security",
        "img": "blog-6-2.webp",
        "category": "photo",
        "author": "Alexis D."
    },
    {
        "id": 15,
        "title": "Understanding Privacy: Protect You",
        "img": "blog-6-3.webp",
        "category": "photo",
        "author": "Alexis D."
    },
    {
        "id": 16,
        "title": "Accessible Front-End Patterns",
        "img": "blog-6-4.webp",
        "category": "photo",
        "author": "Alexis D."
    },
    {
        "id": 17,
        "title": "A Guide To Attracting Clients For Agency",
        "img": "blog-6-5.webp",
        "category": "photo",
        "author": "Alexis D."
    },
    {
        "id": 18,
        "title": "How To Price Projects Scope Creep",
        "img": "blog-6-6.webp",
        "category": "photo",
        "author": "Alexis D."
    },
    {
        "id": 19,
        "title": "How To Hire For Digital Roles",
        "img": "blog-6-7.webp",
        "category": "photo",
        "author": "Alexis D."
    },
    {
        "id": 20,
        "title": "A Complete Guide To App Marketing",
        "img": "blog-6-8.webp",
        "category": "photo",
        "author": "Alexis D."
    },
    {
        "id": 21,
        "title": "A Five-Step Approach To The Metaverse",
        "img": "blog-6-9.webp",
        "category": "photo",
        "author": "Alexis D."
    },
    {
        "id": 22,
        "title": "Lessons Learned As A Designer-Founder",
        "img": "blog-6-10.webp",
        "category": "photo",
        "author": "Alexis D."
    },
    {
        "id": 23,
        "title": "A Roadmap For Building A Business Chatbot",
        "img": "blog-6-11.webp",
        "category": "photo",
        "author": "Alexis D."
    },
    {
        "id": 24,
        "title": "How To Search For A Developer Job Abroad",
        "img": "blog-6-12.webp",
        "category": "photo",
        "author": "Alexis D."
    },
    {
        "id": 25,
        "title": "Job",
        "img": "blog-6-13.webp",
        "category": "photo",
        "author": "Alexis D."
    },
    {
        "id": 26,
        "title": "Dody",
        "img": "blog-6-14.webp",
        "category": "photo",
        "author": "Alexis D."
    },
    {
        "id": 27,
        "title": "Carol-jean",
        "img": "blog-6-15.webp",
        "category": "photo",
        "author": "Alexis D."
    },
    {
        "id": 28,
        "title": "Walden",
        "img": "blog-6-16.webp",
        "category": "photo",
        "author": "Alexis D."
    },
    {
        "id": 29,
        "title": "Sisely",
        "img": "blog-6-17.webp",
        "category": "photo",
        "author": "Alexis D."
    },
    {
        "id": 30,
        "title": "Mic",
        "img": "blog-6-18.webp",
        "category": "photo",
        "author": "Alexis D."
    },
    {
        "id": 31,
        "title": "Stanly",
        "img": "blog-6-19.webp",
        "category": "photo",
        "author": "Alexis D."
    }
]