[
    
    {
        "id": 58,
        "title": "Indulgence unreserved is the alteration...",
        "img": "blog-1.webp",
        "category": "photo",
        "author": "Alexis D."
    },
    {
        "id": 59,
        "title": "I will share some tactics for improving...",
        "img": "blog-2.webp",
        "category": "photo",
        "author": "Alexis D."
    },
    {
        "id": 60,
        "title": "I will share some tactics for improving...",
        "img": "blog-3.webp",
        "category": "photo",
        "author": "Alexis D."
    },
    {
        "id": 61,
        "title": "Gerladina",
        "img": "blog-4.webp",
        "category": "photo",
        "author": "Alexis D."
    }
]