[
    {
        "id": 46,
        "title": "FabUnit: The Smart Way To Control Synchronize",
        "img": "blog-gallery-1.webp",
        "category": "photo",
        "author": "Alexis D."
    },
    {
        "id": 47,
        "title": "FabUnit: The Smart Way To Control Synchronize",
        "img": "blog-gallery-2.webp",
        "category": "photo",
        "author": "Alexis D."
    },
    {
        "id": 48,
        "title": "FabUnit: The Smart Way To Control Synchronize",
        "img": "blog-gallery-3.webp",
        "category": "photo",
        "author": "Alexis D."
    },
    {
        "id": 49,
        "title": "FabUnit: The Smart Way To Control Synchronize",
        "img": "blog-gallery-4.webp",
        "category": "photo",
        "author": "Alexis D."
    }
]